Блинов;Java Методы программирования;2013;printed
Блинов;Java Промышленное программирование;2007;printed
Шилдт;Полный справочник по Java;2007;file
Эккель;Философия Java;2011;file
Блинов;Java2. Практическое руководство;2005;printed
Уоллс;Spring в действии;2013;file
Hennebrueder;Guide to Java Persistence and Hibernate;2013;file
Author2;Title1;2015;file
Author2;Title2;2015;file
Author3;Title3;2014;file
Author4;Title4;2014;file
Author5;Title5;2013;file
Author6;Title6;2011;file
Author2;Title1 Title2 ;2015;file
Author2;Title1 Title8 Title9;2015;file
Author9;Title9;2010;printed